{
  "name": "mockingbird_stock",
  "px_w": 17,
  "px_h": 45,
  "px_per_unit": 0.23076923076923078,
  "frame": [
    -38.0,
    -114.0,
    75.0,
    193.0
  ],
  "classic_px": 45,
  "c1_base": [
    59,
    141,
    224
  ],
  "c2_base": [
    238,
    242,
    246
  ],
  "anchors": [
    {
      "kind": "nozzle",
      "x_px": 3.9230769230769234,
      "y_px": 42.80769230769231
    },
    {
      "kind": "nozzle",
      "x_px": 8.76923076923077,
      "y_px": 42.80769230769231
    },
    {
      "kind": "nozzle",
      "x_px": 13.615384615384617,
      "y_px": 42.80769230769231
    }
  ]
}