{
  "name": "mockingbird",
  "px_w": 21,
  "px_h": 45,
  "px_per_unit": 0.23076923076923078,
  "frame": [
    -45.0,
    -114.0,
    89.0,
    197.0
  ],
  "classic_px": 45,
  "c1_base": [
    59,
    141,
    224
  ],
  "c2_base": [
    238,
    242,
    246
  ],
  "anchors": [
    {
      "kind": "nozzle",
      "x_px": 5.538461538461538,
      "y_px": 42.80769230769231
    },
    {
      "kind": "nozzle",
      "x_px": 10.384615384615385,
      "y_px": 42.80769230769231
    },
    {
      "kind": "nozzle",
      "x_px": 15.230769230769232,
      "y_px": 42.80769230769231
    }
  ],
  "interior": {
    "px_per_tile": 1.5,
    "origin_px": [
      0.0,
      0.0
    ]
  }
}