{
  "name": "mockingbird_interior",
  "px_w": 42,
  "px_h": 90,
  "px_per_unit": 0.46153846153846156,
  "frame": [
    -45.0,
    -114.0,
    89.0,
    197.0
  ],
  "classic_px": 90,
  "c1_base": [
    59,
    141,
    224
  ],
  "c2_base": [
    238,
    242,
    246
  ],
  "anchors": [
    {
      "kind": "nozzle",
      "x_px": 11.076923076923077,
      "y_px": 85.61538461538461
    },
    {
      "kind": "nozzle",
      "x_px": 20.76923076923077,
      "y_px": 85.61538461538461
    },
    {
      "kind": "nozzle",
      "x_px": 30.461538461538463,
      "y_px": 85.61538461538461
    }
  ],
  "interior": {
    "px_per_tile": 3.0,
    "origin_px": [
      0.0,
      0.0
    ]
  }
}