{
  "name": "longhorn",
  "px_w": 25,
  "px_h": 44,
  "px_per_unit": 0.21025641025641026,
  "frame": [
    -61.0,
    -129.0,
    121.0,
    207.0
  ],
  "classic_px": 41,
  "c1_base": [
    217,
    122,
    40
  ],
  "c2_base": [
    138,
    143,
    151
  ],
  "anchors": [
    {
      "kind": "nozzle",
      "x_px": 4.415384615384616,
      "y_px": 38.05641025641026
    },
    {
      "kind": "nozzle",
      "x_px": 21.235897435897435,
      "y_px": 38.05641025641026
    }
  ]
}