{
  "name": "ring_1berth_interior",
  "px_w": 56,
  "px_h": 76,
  "px_per_unit": 0.4,
  "frame": [
    -83.0,
    -81.0,
    142.0,
    188.0
  ],
  "classic_px": 132,
  "c1_base": [
    0,
    0,
    0
  ],
  "c2_base": [
    0,
    0,
    0
  ],
  "anchors": [
    {
      "kind": "berth",
      "x_px": 18.2,
      "y_px": -6.6000000000000005
    }
  ],
  "interior": {
    "px_per_tile": 3.0,
    "origin_px": [
      15.200000000000001,
      8.4
    ]
  }
}