{
  "name": "ring_1berth",
  "px_w": 57,
  "px_h": 86,
  "px_per_unit": 0.4,
  "frame": [
    -83.0,
    -81.0,
    142.0,
    215.0
  ],
  "classic_px": 132,
  "c1_base": [
    0,
    0,
    0
  ],
  "c2_base": [
    0,
    0,
    0
  ],
  "anchors": [
    {
      "kind": "berth",
      "x_px": 31.700000000000003,
      "y_px": 3.9000000000000004
    }
  ],
  "interior": {
    "px_per_tile": 3.0,
    "origin_px": [
      15.200000000000001,
      8.4
    ]
  }
}