{
  "name": "ring_1berth",
  "px_w": 28,
  "px_h": 38,
  "px_per_unit": 0.2,
  "frame": [
    -83.0,
    -81.0,
    142.0,
    188.0
  ],
  "classic_px": 66,
  "c1_base": [
    0,
    0,
    0
  ],
  "c2_base": [
    0,
    0,
    0
  ],
  "anchors": [
    {
      "kind": "berth",
      "x_px": 9.1,
      "y_px": -3.3000000000000003
    }
  ],
  "interior": {
    "px_per_tile": 1.5,
    "origin_px": [
      7.6000000000000005,
      4.2
    ]
  }
}